{"stats":{"minecraft:picked_up":{"minecraft:sand":1,"minecraft:sugar_cane":2},"minecraft:custom":{"minecraft:jump":7,"minecraft:time_since_rest":899,"minecraft:sprint_one_cm":1252,"minecraft:play_time":899,"minecraft:walk_on_water_one_cm":156,"minecraft:time_since_death":899,"minecraft:walk_one_cm":1912,"minecraft:total_world_time":899,"minecraft:walk_under_water_one_cm":732,"minecraft:swim_one_cm":1352,"minecraft:fly_one_cm":1037},"minecraft:mined":{"minecraft:sugar_cane":1,"minecraft:sand":1}},"DataVersion":3465}